<?xml version="1.0" ?>
<container xmlns="http://symfony.com/schema/dic/services"
           xmlns:xsi="http://www.w3.org/2001/XMLSchema-instance"
           xsi:schemaLocation="http://symfony.com/schema/dic/services http://symfony.com/schema/dic/services/services-1.0.xsd">
   <imports>
       <import resource="service_controller.xml"/>
       <import resource="service_command.xml"/>
   </imports>
    <services>
		<service id="Sas\SyncerModule\ScheduledTask\SyncerTask">
            <tag name="shopware.scheduled.task" />
        </service>

        <service id="Sas\SyncerModule\ScheduledTask\SyncerTaskHandler">
            <argument type="service" id="scheduled_task.repository" />
            <tag name="messenger.message_handler" />
        </service>
        <service id="Sas\SyncerModule\Service\WritingProductData" >
            <argument type="service" id="product.repository"/>
            <argument type="service" id="product_category.repository"/>
            <argument type="service" id="tax.repository"/>
            <argument type="service" id="category.repository"/>
            <argument type="service" id="category_translation.repository"/>
            <argument type="service" id="property_group.repository"/>
            <argument type="service" id="property_group_translation.repository"/>
            <argument type="service" id="property_group_option.repository"/>
            <argument type="service" id="property_group_option_translation.repository"/>
            <argument type="service" id="product_property.repository"/>
            <argument type="service" id="product_media.repository"/>
        </service>

        <service id="Sas\SyncerModule\Service\SaveMedia" >
            <argument type="service" id="Shopware\Core\Content\Media\MediaService"/>
            <argument type="service" id="Shopware\Core\Content\Media\File\FileSaver"/>
        </service>

        <service id="Sas\SyncerModule\Config\Config" >
        </service>

        <service id="Sas\SyncerModule\Extension\Content\Category\CategoryExtensionDefinition">
            <tag name="shopware.entity.definition" entity="category_extension"/>
        </service>
        <service id="Sas\SyncerModule\Extension\Content\Category\CategoryExtension">
            <tag name="shopware.entity.extension"/>
        </service>

        <service id="Sas\SyncerModule\Extension\Content\Product\ProductExtensionDefinition">
            <tag name="shopware.entity.definition" entity="product_extension"/>
        </service>
        <service id="Sas\SyncerModule\Extension\Content\Product\ProductExtension">
            <tag name="shopware.entity.extension"/>
        </service>

        <service id="Sas\SyncerModule\Extension\Content\PropertyGroup\PropertyGroupExtensionDefinition">
            <tag name="shopware.entity.definition" entity="property_group_extension"/>
        </service>
        <service id="Sas\SyncerModule\Extension\Content\PropertyGroup\PropertyGroupExtension">
            <tag name="shopware.entity.extension"/>
        </service>

        <service id="Sas\SyncerModule\Extension\Content\PropertyGroupOption\PropertyGroupOptionExtensionDefinition">
            <tag name="shopware.entity.definition" entity="property_group_option_extension"/>
        </service>
        <service id="Sas\SyncerModule\Extension\Content\PropertyGroupOption\PropertyGroupOptionExtension">
            <tag name="shopware.entity.extension"/>
        </service>
    </services>
</container>