<?xml version="1.0" ?>

<container xmlns="http://symfony.com/schema/dic/services"
           xmlns:xsi="http://www.w3.org/2001/XMLSchema-instance"
           xsi:schemaLocation="http://symfony.com/schema/dic/services http://symfony.com/schema/dic/services/services-1.0.xsd">
    <services>
        <defaults autowire="true" autoconfigure="true" public="true"/>
        <service id="Sas\SyncerModule\Controller\MyController" public="true">
            <call method="setContainer">
                <argument type="service" id="service_container"/>
            </call>
        </service>
    </services>
</container>
